<?xml version="1.0" encoding="UTF-8" standalone="yes"?>
<addon id="script.simkl"
       name="Simkl TV Tracker Dev"
       version="0.2.3"
       provider-name="David Davó / Simkl">
  <requires>
    <import addon="xbmc.python" version="2.6"/>
    <import addon="script.module.simplejson"/>
    <import addon="script.module.xbmcutil"/>
  </requires>
  <extension point="xbmc.service" library="service.py" start="login" />
  <extension point="xbmc.addon.metadata">
    <summary lang="en_gb">This is an add-on to use simkl together with kodi</summary>
    <disclaimer lang="en_gb">Currently under development</disclaimer>
    <description lang="en_gb">Description</description>
    <platform>all</platform>
    <license>Not Licensed yet</license>
    <email>david@ddavo.me</email>
    <source>https://github.com/SIMKL/Kodi</source>
    <assets>
      <icon>resources/icon.png</icon>
      <fanart>resources/fanart.png</fanart>
    </assets>
    <language>en</language>
  </extension>
</addon>