<?xml version="1.0" encoding="UTF-8"?>
<window id="9999">
  <defaultcontrol always="true">203</defaultcontrol>
  <animation effect="fade" time="500">WindowOpen</animation>
  <animation effect="fade" time="500">WindowClose</animation>
  <coordinates>
    <posx>240</posx>
    <posy>170</posy>
  </coordinates>
  <controls>
    <control type="label">
      <descripion>Header</description>
      <posx>0</posx>
      <posy>20</posy>
      <width>800</width>
      <label>It's your first sync</label>
      <height>50</height>
      <align>center</align>
      <aligny>center</aligny>
    </control>
    <control type="group">
      <control type="button">
        <description>Simkl to Kodi</description>
        <align>center></align>
        <posx> </posx>
        <posy> </posy>
        <width> </width>
        <label>Simkl to Kodi</label>
      </control>
      <!-- Another one to cancel, and other 2 to 
  </controls>
</window>